beam_width,wer,cer
1,0.11219750672207285,0.038127997674531275
3,0.11219750672207285,0.038127997674531275
10,0.11219750672207285,0.038127997674531275
50,0.11219750672207285,0.038127997674531275
