temperature,wer,cer
0.5,0.5509036144578313,0.37153979238754326
1.0,0.564156626506024,0.395977508650519
1.5,0.5765060240963855,0.4235510380622837
2.0,0.5942771084337349,0.4539359861591695
